{
  "connections": [
    {
      "id": "operacoes_sudeste",
      "name": "Operacoes Sudeste",
      "status": "online",
      "description": "Camadas operacionais mockadas para validar o fluxo Cloud.",
      "layers": [
        {
          "id": "clientes_sp_cloud",
          "name": "Clientes SP (Cloud)",
          "description": "Clientes georreferenciados na regiao metropolitana de Sao Paulo.",
          "source": "resources/mock_cloud_layers/clientes_sp.geojson",
          "geometry": "Point",
          "provider": "ogr",
          "tags": ["clientes", "sudeste"],
          "mock_only": true
        },
        {
          "id": "infra_linhas_cloud",
          "name": "Infraestrutura eletrica (Cloud)",
          "description": "Linhas de distribuicao com status operacional mock.",
          "source": "resources/mock_cloud_layers/infra_linhas.geojson",
          "geometry": "LineString",
          "provider": "ogr",
          "tags": ["infra", "rede"],
          "mock_only": true
        }
      ]
    },
    {
      "id": "sensoriamento_norte",
      "name": "Sensoriamento Norte",
      "status": "sincronizando",
      "description": "Dados de sensores enviados pelo app QField aguardando hospedagem.",
      "layers": [
        {
          "id": "sensores_manaus",
          "name": "Sensores Manaus",
          "description": "Rede de sensores de temperatura mockada para validacao.",
          "source": "resources/mock_cloud_layers/sensores_manaus.geojson",
          "geometry": "Point",
          "provider": "ogr",
          "tags": ["sensores", "norte"],
          "mock_only": true
        }
      ]
    }
  ]
}
